museum,longitude,latitude
Worcester Art Museum,-71.802,42.2731
San Diego Museum of Art,-117.15043,32.732158
"Museum of Fine Arts, Houston",-95.390539,29.725605
Woodmere Art Museum,-75.2197,40.0831
Hispanic Society of America,-73.94643,40.83327
Walters Art Museum,-76.616499,39.296425
Taft Museum of Art,-84.503333,39.1025
Dahesh Museum of Art,-74.00480556,40.725
Amon Carter Museum of American Art,-97.368447,32.747867
Corcoran Gallery of Art,-77.039879,38.895851
Fogg Museum,-71.114358,42.37409
Salvador Dalí Museum,-82.6315,27.766
Wadsworth Atheneum Museum of Art,-72.673086,41.763711
Chrysler Museum of Art,-76.2924,36.857
Harvard Art Museums,-71.11472222,42.37416667
Kimbell Art Museum,-97.364921,32.748569
The Phillips Collection,-77.046805555,38.911388888
Solomon R. Guggenheim Museum,-73.958888888,40.783055555
Munson,-75.241389,43.096944
Vanderbilt Museum of Art,-86.801389,36.145833
Dallas Museum of Art,-96.800893,32.78756
Museum of Fine Arts Boston,-71.094166666,42.339444444
National Gallery of Art,-77.02,38.891388888
Detroit Institute of Arts,-83.064722222,42.359444444
Isabella Stewart Gardner Museum,-71.099121,42.33818
Reading Public Museum,-75.951347,40.327354
Brandywine Museum of Art,-75.593,39.8699
Mildred Lane Kemper Art Museum,-90.3027,38.6472
Crystal Bridges Museum of American Art,-94.202653,36.381854
Whitney Museum of American Art,-74.0089,40.7396
University of Michigan Museum of Art,-83.739735,42.275399
Metropolitan Museum of Art,-73.963333333,40.779444444
Brooklyn Museum,-73.963631,40.671206
Meadows Museum,-96.784382,32.838419
Portland Art Museum,-122.683357,45.51615
Norton Simon Museum,-118.159162,34.146225
Barnes Foundation,-75.172808,39.960643
El Paso Museum of Art,-106.490109,31.758506
Columbus Museum of Art,-82.98777,39.964384
Cincinnati Art Museum,-84.496944444,39.113888888
Denver Art Museum,-104.989345,39.737188
San Antonio Museum of Art,-98.482089,29.437568
High Museum of Art,-84.385566,33.790047
Clark Art Institute,-73.2136,42.7078
Honolulu Museum of Art,-157.848708,21.303898
Gilcrease Museum,-96.0214,36.1747
The Broad,-118.251,34.0544
New Orleans Museum of Art,-90.0934389,29.9864799
National Museum of Women in the Arts,-77.029315,38.900051
Norton Museum of Art,-80.053355,26.700651
Allentown Art Museum,-75.468,40.6043
Museum of Art,-111.64805556,40.25083333
Baltimore Museum of Art,-76.6195034,39.3259955
Pennsylvania Academy of the Fine Arts,-75.163217,39.955683
National Museum of Asian Art,-77.027382257,38.8881002
Milwaukee Art Museum,-87.897058,43.040073
Seattle Art Museum,-122.338133,47.607309
Muskegon Museum of Art,-86.250991,43.234348
"Museum of Fine Arts, St. Petersburg, Florida, USA",-82.63221,27.77497
Hirshhorn Museum and Sculpture Garden,-77.022968,38.888161
Indianapolis Museum of Art,-86.185655,39.826019
National Portrait Gallery,-77.023055555,38.897777777
Carnegie Museum of Art,-79.949,40.4437
Virginia Museum of Fine Arts,-77.474706,37.556422
Cleveland Museum of Art,-81.611666666,41.508888888
John and Mable Ringling Museum of Art,-82.559801111,27.381467222
Peabody Essex Museum,-70.8925,42.522222
Frye Art Museum,-122.324,47.6071
Patrick and Beatrice Haggerty Museum of Art,-87.92778,43.036921
Oakland Museum of California,-122.263611,37.798641
Huntington Museum of Art,-82.4344,38.393
Busch–Reisinger Museum,-71.114567,42.375109
Allen Memorial Art Museum,-82.2168,41.2937
Grohmann Museum,-87.907944,43.043806
Raclin Murphy Museum of Art,-86.2351,41.6938
Blanton Museum of Art,-97.737684,30.280811
Crocker Art Museum,-121.505,38.576944
Cantor Arts Center at Stanford University,-122.170844,37.432982
University of Arizona Museum of Art,-110.955793,32.235598
Lyman Allyn Art Museum,-72.1072,41.3737
Phoenix Art Museum,-112.072655,33.466749
The Nelson-Atkins Museum of Art,-94.580960249,39.044969557
Berkeley Art Museum and Pacific Film Archive,-122.26634,37.870804
Fine Arts Museums of San Francisco,-122.468694444,37.7715
Joslyn Art Museum,-95.946022,41.260254
Los Angeles County Museum of Art,-118.359166666,34.063333333
Arthur M. Sackler Gallery,-77.0265,38.888
Addison Gallery of American Art,-71.1333,42.6486
Museum of the City of New York,-73.95188,40.79248
Bob Jones University Museum and Gallery,-82.36202,34.87603
Yale University Art Gallery,-72.930958,41.30839
Birmingham Museum of Art,-86.810069,33.52222
New Britain Museum of American Art,-72.791603,41.664317
Legion of Honor,-122.500842,37.784466
San Francisco Museum of Modern Art,-122.401051,37.785718
Menil Collection,-95.39851,29.73734
"Museum of Contemporary Art, Chicago",-87.6209882,41.8972114
Rose Art Museum,-71.2626,42.3656
Frances Lehman Loeb Art Center,-73.897373447,41.686001891
Speed Art Museum,-85.760916666,38.217861111
University of Iowa Stanley Museum of Art,-91.5402,41.6653
Cummer Museum of Art and Gardens,-81.6769,30.3149
Dayton Art Institute,-84.201111,39.765833
The Hyde Collection,-73.634444,43.310278
The Newark Museum of Art,-74.1718,40.7427
Smart Museum of Art,-87.600199,41.793599
Tacoma Art Museum,-122.437,47.2475
New Mexico Museum of Art,-105.939,35.6881
Wolfsonian-FIU,-80.1326,25.7808
National Academy of Design,-73.98675,40.737694444
USC Fisher Museum of Art,-118.287325,34.01863
Freer Gallery of Art,-77.0275,38.888333333
Ackland Art Museum,-79.0544,35.9124
Hood Museum of Art,-72.28805556,43.70222222
Delaware Art Museum,-75.564696,39.765365
David Owsley Museum of Art Ball State University,-85.4102,40.1999
Appleton Museum of Art,-82.0765,29.2053
Saint Louis Art Museum,-90.294491,38.639306
Hawaii State Art Museum,-157.858,21.3086
Georgia O'Keeffe Museum,-105.941325,35.689156111
Lowe Art Museum,-80.275657,25.719425
Godwin-Ternbach Museum,-73.817274,40.73634
Jule Collins Smith Museum of Fine Art,-85.4838,32.5877
Mint Museum,-80.84831,35.22442
Dishman Art Museum,-94.07575,30.04622222
McMullen Museum of Art,-71.1696,42.3352
Mabee-Gerrer Museum of Art,-96.9537,35.3668
Heckscher Museum of Art,-73.4218,40.8749
Mobile Museum of Art,-88.155278,30.703611
Santa Barbara Museum of Art,-119.703,34.4228
Tucson Museum of Art,-110.9754,32.2234
Cornell Fine Arts Museum,-81.3486,28.5923
Currier Museum of Art,-71.45583333,42.99777778
Portland Museum of Art,-70.262200000000007,43.6536
James A. Michener Art Museum,-75.1265,40.3085
Hammer Museum,-118.443662,34.059468
Palmer Museum of Art,-77.8657,40.8005
Flint Institute of Arts,-83.6778,43.0224
North Carolina Museum of Art,-78.70288889,35.81019444
Memorial Art Gallery,-77.5881,43.1572
Morris Museum of Art,-81.968571,33.479315
The Johnson Collection,-81.93273,34.95009
Reynolda House Museum of American Art,-80.282674,36.125775
Cameron Art Museum,-77.9153,34.184
Mead Art Museum,-72.5155,42.3709
Sid Richardson Museum,-97.33154,32.7555
Everson Museum of Art,-76.1469,43.0447
Chazen Museum of Art,-89.3996,43.0739
Toledo Museum of Art,-83.559444444,41.658333333
The Frick Collection,-73.967222222,40.771111111
Butler Institute of American Art,-80.646111,41.105556
Hunter Museum of American Art,-85.305833,35.055833
"The Huntington Library, Art Museum, and Botanical Gardens",-118.1125,34.129166666
Walker Art Center,-93.288611111,44.968055555
Glenstone,-77.253076971,39.061769997
Kalamazoo Institute of Arts,-85.5879,42.2894
Williams College Museum of Art,-73.202694,42.711194
Taubman Museum of Art,-79.9383,37.2728
M. H. de Young Memorial Museum,-122.468676,37.771469
Timken Museum of Art,-117.1496,32.7318
J. Paul Getty Museum,-118.475,34.0775
Kreeger Museum,-77.089117,38.921814
Ogunquit Museum of American Art,-70.5889,43.2338
Memphis Brooks Museum of Art,-89.9954,35.1462
Harn Museum of Art,-82.37,29.6369
Museum of Contemporary Art San Diego,-117.278208994,32.844526187
Norman Rockwell Museum,-73.335864,42.287917
Palm Springs Art Museum,-116.55,33.8242
Gibbes Museum of Art,-79.93166667,32.77861111
The Bass Museum of Art,-80.130107,25.797561
Grand Rapids Art Museum,-85.6714,42.965
R. W. Norton Art Gallery,-93.741,32.4587
Colby College Museum of Art,-69.6605,44.565
Dixon Gallery and Gardens,-89.9176,35.106
Philbrook Museum of Art,-95.97,36.1239
The Cloisters,-73.9319,40.8648
Oklahoma City Museum of Art,-97.5206,35.4697
Davis Museum and Cultural Center,-71.3073,42.2937
Richmond Art Museum,-84.9016,39.8234
Museum of Art Fort Lauderdale,-80.1429,26.1196
Burchfield Penney Art Center,-78.8776,42.9315
McNay Art Museum,-98.456748,29.485516
Des Moines Art Center,-93.681666666,41.583888888
Minnesota Marine Art Museum,-91.657,44.059
Utah Museum of Fine Arts,-111.843,40.7602
Neue Galerie,-73.960327,40.781264
Audrey Jones Beck Building,-95.3895,29.7251
Muscarelle Museum of Art,-76.7159,37.268
Asian Art Museum of San Francisco,-122.416199,37.780164
Maryhill Museum of Art,-120.863333,45.677778000000004
Abby Aldrich Rockefeller Folk Art Museum,-76.4159,37.1545
Sheldon Museum of Art,-96.704469,40.817547
Arkell Museum,-74.5719,42.9075
Cornell Museum of Art & American Culture,-80.0727,26.4622
Magnes Collection of Jewish Art and Life,-122.248,37.8592
Eiteljorg Museum of American Indians and Western Art,-86.1678,39.7683
Colorado Springs Fine Arts Center,-104.825556,38.845833
Long Beach Museum of Art,-118.165,33.7635
Payne Gallery,-75.381550668,40.630230693
Westmont Ridley-Tree Museum of Art,-119.661967,34.449764
Nassau County Museum of Art,-73.6429,40.8097
Figge Art Museum,-90.5759,41.5213
American Folk Art Museum,-73.9781,40.7616
Springville Museum of Art,-111.607778,40.160833
Berkshire Museum,-73.253611111,42.447222222
Zanesville Museum of Art,-82.0097,39.9786
Fenimore Art Museum,-74.9269,42.7157
Montclair Art Museum,-74.224167,40.818611
Blanden Art Museum,-94.1846,42.5028
Haggin Museum,-121.314,37.9603
Weisman Art Museum,-93.238055555,44.972777777
Georgia Museum of Art,-83.369965,33.941272
Ruth Chandler Williamson Gallery,-117.711722,34.104892
International Art Museum of America,-122.410805,37.781497
National Museum of Wildlife Art,-110.749,43.519
Ulrich Museum of Art,-97.296591,37.717051
Boca Raton Museum of Art,-80.0858,26.3563
Albany Museum of Art,-84.208109,31.585605
Rockford Art Museum,-89.089058,42.277045
Westmoreland Museum of American Art,-79.5448,40.306
Boston Athenæum,-71.062158,42.358044
Buffalo AKG Art Museum,-78.875618,42.93245
Modern Art Museum of Fort Worth,-97.363069,32.749287
Housatonic Museum of Art,-73.191,41.175
Bronx Museum of the Arts,-73.9199,40.831
Columbia Museum of Art,-81.03611111,34.00583333
National Museum of Mexican Art,-87.673,41.8562
Arnot Art Museum,-76.8025,42.0908
Rhode Island School of Design Museum,-71.40754,41.8269
Zimmerli Art Museum at Rutgers University,-74.445998,40.50002
St. Johnsbury Athenaeum,-72.021033,44.418439
The Met Fifth Avenue,-73.96324534,40.779450817
Isaacs Art Center,-155.6725,20.04333333
Arkansas Museum of Fine Arts,-92.267,34.7394
Michele & Donald D'Amour Museum of Fine Arts,-72.5863,42.1037
L. D. M. Sweat Memorial Galleries,-70.262638,43.653864
Renwick Gallery,-77.039032,38.89914
Art Museum of Greater Lafayette,-86.886452,40.416312
Terra Museum of American Art,-87.6246,41.8944
Tuscaloosa Museum of Art,-87.505,33.2931
Fralin Museum of Art,-78.5028,38.0385
Parthenon,-86.8135,36.1496
SCAD Museum of Art,-81.100108,32.077779
Danforth Museum,-71.418,42.2815
Hudson River Museum,-73.896238888,40.953969444
Greenville County Museum of Art,-82.4007,34.8565
Lancaster Museum of Art,-76.30142,40.0411
Heard Museum,-112.074,33.4735
"Art, Design and Architecture Museum at UCSB",-119.849,34.412
Fred Jones Jr. Museum of Art,-97.44,35.22
"Institute of Contemporary Art, Boston",-71.0429,42.3528
Nasher Museum of Art,-78.9291,35.9991
San Luis Obispo Museum of Art,-120.664873,35.279649
Santa Paula Art Museum,-119.060081,34.35467
Robert and Frances Fullerton Museum of Art,-117.326,34.1839
Morris Graves Museum of Art,-124.164444,40.800556
De Saisset Museum,-121.93819,37.3523
Bolinas Museum,-122.684734,37.910139
Brauer Museum of Art,-87.0401,41.464
Midwest Museum of American Art,-85.971971,41.683148
University of Kentucky Art Museum,-84.5012,38.0376
Alexandria Museum of Art,-92.4442,31.3122
Rubin Museum of Art,-73.997805555,40.740111111
LSU Museum of Art,-91.189182,30.44768
Studio Museum in Harlem,-73.947693,40.808286
Stark Museum of Art,-93.7362,30.0935
Museum of Art Cedar Rapids,-91.6643,41.9789
Blaffer Art Museum,-95.3425,29.7247
"Museum of Contemporary Art, Los Angeles",-118.250432,34.053274
Asheville Art Museum,-82.551,35.5944
Hill-Stead Museum,-72.8189,41.7222
Washington County Museum of Fine Arts,-77.7316,39.637
Carnegie Art Museum,-119.18,34.198333
Annmary Brown Memorial,-71.4022,41.8243
National Sporting Library,-77.738302,38.967017
Lynnewood Hall,-75.1403,40.0752
Wexner Center for the Arts,-83.0094,40.0002
University Museum of Contemporary Art,-72.5258,42.3882
Wriston Art Center Galleries,-88.39797,44.26068
Tweed Museum of Art,-92.0844,46.818600000000004
Fisher Community Center Art Gallery,-92.91455,42.0389
Fitchburg Art Museum,-71.8038,42.5869
Newport Art Museum,-71.3082,41.4855
